{
	"description": "项目配置文件。",
	"setting": {
		"urlCheck": true,
		"es6": true,
		"postcss": true,
		"minified": true,
		"newFeature": true
	},
	"compileType": "miniprogram",
	"libVersion": "1.6.0",
	"appid": "wx8f4d9e904353ce1f",
	"projectname": "%E5%9F%8E%E9%99%A2%E5%AF%9D%E5%AE%A4%E6%9C%8D%E5%8A%A1%E5%B9%B3%E5%8F%B0",
	"condition": {
		"search": {
			"current": -1,
			"list": []
		},
		"conversation": {
			"current": -1,
			"list": []
		},
		"miniprogram": {
			"current": -1,
			"list": []
		}
	}
}